outcode,month,category,crime_count
MK1,2025-01,anti-social-behaviour,18
MK1,2025-01,bicycle-theft,3
MK1,2025-01,burglary,3
MK1,2025-01,criminal-damage-arson,18
MK1,2025-01,drugs,10
MK1,2025-01,other-crime,3
MK1,2025-01,other-theft,13
MK1,2025-01,possession-of-weapons,3
MK1,2025-01,public-order,33
MK1,2025-01,robbery,3
MK1,2025-01,shoplifting,41
MK1,2025-01,theft-from-the-person,1
MK1,2025-01,vehicle-crime,21
MK1,2025-01,violent-crime,71
MK1,2025-02,anti-social-behaviour,13
MK1,2025-02,burglary,5
MK1,2025-02,criminal-damage-arson,8
MK1,2025-02,drugs,9
MK1,2025-02,other-crime,7
MK1,2025-02,other-theft,23
MK1,2025-02,possession-of-weapons,1
MK1,2025-02,public-order,14
MK1,2025-02,robbery,4
MK1,2025-02,shoplifting,22
MK1,2025-02,theft-from-the-person,1
MK1,2025-02,vehicle-crime,20
MK1,2025-02,violent-crime,74
MK1,2025-03,anti-social-behaviour,22
MK1,2025-03,bicycle-theft,1
MK1,2025-03,burglary,5
MK1,2025-03,criminal-damage-arson,10
MK1,2025-03,drugs,10
MK1,2025-03,other-crime,3
MK1,2025-03,other-theft,23
MK1,2025-03,possession-of-weapons,4
MK1,2025-03,public-order,17
MK1,2025-03,robbery,4
MK1,2025-03,shoplifting,36
MK1,2025-03,vehicle-crime,28
MK1,2025-03,violent-crime,91
MK1,2025-04,anti-social-behaviour,24
MK1,2025-04,bicycle-theft,3
MK1,2025-04,burglary,6
MK1,2025-04,criminal-damage-arson,19
MK1,2025-04,drugs,10
MK1,2025-04,other-crime,3
MK1,2025-04,other-theft,19
MK1,2025-04,possession-of-weapons,4
MK1,2025-04,public-order,21
MK1,2025-04,robbery,1
MK1,2025-04,shoplifting,32
MK1,2025-04,theft-from-the-person,1
MK1,2025-04,vehicle-crime,11
MK1,2025-04,violent-crime,91
MK1,2025-05,anti-social-behaviour,36
MK1,2025-05,bicycle-theft,1
MK1,2025-05,burglary,5
MK1,2025-05,criminal-damage-arson,28
MK1,2025-05,drugs,13
MK1,2025-05,other-crime,2
MK1,2025-05,other-theft,18
MK1,2025-05,possession-of-weapons,3
MK1,2025-05,public-order,29
MK1,2025-05,robbery,2
MK1,2025-05,shoplifting,43
MK1,2025-05,theft-from-the-person,1
MK1,2025-05,vehicle-crime,10
MK1,2025-05,violent-crime,80
MK1,2025-06,anti-social-behaviour,26
MK1,2025-06,bicycle-theft,1
MK1,2025-06,burglary,4
MK1,2025-06,criminal-damage-arson,12
MK1,2025-06,drugs,5
MK1,2025-06,other-crime,2
MK1,2025-06,other-theft,17
MK1,2025-06,possession-of-weapons,3
MK1,2025-06,public-order,17
MK1,2025-06,robbery,4
MK1,2025-06,shoplifting,19
MK1,2025-06,vehicle-crime,12
MK1,2025-06,violent-crime,93
MK1,2025-07,anti-social-behaviour,26
MK1,2025-07,bicycle-theft,2
MK1,2025-07,burglary,9
MK1,2025-07,criminal-damage-arson,18
MK1,2025-07,drugs,8
MK1,2025-07,other-crime,1
MK1,2025-07,other-theft,25
MK1,2025-07,possession-of-weapons,3
MK1,2025-07,public-order,18
MK1,2025-07,robbery,6
MK1,2025-07,shoplifting,25
MK1,2025-07,theft-from-the-person,1
MK1,2025-07,vehicle-crime,12
MK1,2025-07,violent-crime,99
MK1,2025-08,anti-social-behaviour,38
MK1,2025-08,bicycle-theft,1
MK1,2025-08,burglary,6
MK1,2025-08,criminal-damage-arson,15
MK1,2025-08,drugs,4
MK1,2025-08,other-crime,5
MK1,2025-08,other-theft,20
MK1,2025-08,possession-of-weapons,1
MK1,2025-08,public-order,18
MK1,2025-08,robbery,3
MK1,2025-08,shoplifting,28
MK1,2025-08,theft-from-the-person,1
MK1,2025-08,vehicle-crime,8
MK1,2025-08,violent-crime,105
MK1,2025-09,anti-social-behaviour,25
MK1,2025-09,bicycle-theft,4
MK1,2025-09,burglary,9
MK1,2025-09,criminal-damage-arson,19
MK1,2025-09,drugs,4
MK1,2025-09,other-crime,3
MK1,2025-09,other-theft,28
MK1,2025-09,possession-of-weapons,1
MK1,2025-09,public-order,25
MK1,2025-09,robbery,7
MK1,2025-09,shoplifting,31
MK1,2025-09,theft-from-the-person,2
MK1,2025-09,vehicle-crime,12
MK1,2025-09,violent-crime,74
MK1,2025-10,anti-social-behaviour,24
MK1,2025-10,bicycle-theft,1
MK1,2025-10,burglary,3
MK1,2025-10,criminal-damage-arson,14
MK1,2025-10,drugs,11
MK1,2025-10,other-crime,4
MK1,2025-10,other-theft,22
MK1,2025-10,possession-of-weapons,1
MK1,2025-10,public-order,28
MK1,2025-10,robbery,6
MK1,2025-10,shoplifting,43
MK1,2025-10,theft-from-the-person,4
MK1,2025-10,vehicle-crime,20
MK1,2025-10,violent-crime,85
MK1,2025-11,anti-social-behaviour,23
MK1,2025-11,burglary,4
MK1,2025-11,criminal-damage-arson,11
MK1,2025-11,drugs,9
MK1,2025-11,other-crime,2
MK1,2025-11,other-theft,21
MK1,2025-11,possession-of-weapons,1
MK1,2025-11,public-order,15
MK1,2025-11,robbery,5
MK1,2025-11,shoplifting,50
MK1,2025-11,theft-from-the-person,4
MK1,2025-11,vehicle-crime,15
MK1,2025-11,violent-crime,90
MK1,2025-12,anti-social-behaviour,13
MK1,2025-12,bicycle-theft,2
MK1,2025-12,burglary,8
MK1,2025-12,criminal-damage-arson,14
MK1,2025-12,drugs,18
MK1,2025-12,other-crime,10
MK1,2025-12,other-theft,14
MK1,2025-12,possession-of-weapons,1
MK1,2025-12,public-order,12
MK1,2025-12,robbery,2
MK1,2025-12,shoplifting,32
MK1,2025-12,theft-from-the-person,2
MK1,2025-12,vehicle-crime,11
MK1,2025-12,violent-crime,73
MK10,2025-01,anti-social-behaviour,9
MK10,2025-01,bicycle-theft,4
MK10,2025-01,burglary,3
MK10,2025-01,criminal-damage-arson,10
MK10,2025-01,drugs,3
MK10,2025-01,other-crime,5
MK10,2025-01,other-theft,8
MK10,2025-01,possession-of-weapons,1
MK10,2025-01,public-order,2
MK10,2025-01,shoplifting,14
MK10,2025-01,vehicle-crime,20
MK10,2025-01,violent-crime,64
MK10,2025-02,anti-social-behaviour,8
MK10,2025-02,bicycle-theft,5
MK10,2025-02,burglary,2
MK10,2025-02,criminal-damage-arson,10
MK10,2025-02,drugs,1
MK10,2025-02,other-crime,4
MK10,2025-02,other-theft,11
MK10,2025-02,public-order,8
MK10,2025-02,robbery,3
MK10,2025-02,shoplifting,10
MK10,2025-02,theft-from-the-person,2
MK10,2025-02,vehicle-crime,12
MK10,2025-02,violent-crime,41
MK10,2025-03,anti-social-behaviour,5
MK10,2025-03,bicycle-theft,5
MK10,2025-03,burglary,3
MK10,2025-03,criminal-damage-arson,7
MK10,2025-03,drugs,2
MK10,2025-03,other-crime,4
MK10,2025-03,other-theft,8
MK10,2025-03,possession-of-weapons,2
MK10,2025-03,public-order,11
MK10,2025-03,shoplifting,18
MK10,2025-03,theft-from-the-person,2
MK10,2025-03,vehicle-crime,13
MK10,2025-03,violent-crime,51
MK10,2025-04,anti-social-behaviour,23
MK10,2025-04,bicycle-theft,1
MK10,2025-04,burglary,1
MK10,2025-04,criminal-damage-arson,13
MK10,2025-04,drugs,4
MK10,2025-04,other-crime,3
MK10,2025-04,other-theft,15
MK10,2025-04,possession-of-weapons,1
MK10,2025-04,public-order,11
MK10,2025-04,robbery,3
MK10,2025-04,shoplifting,23
MK10,2025-04,vehicle-crime,12
MK10,2025-04,violent-crime,52
MK10,2025-05,anti-social-behaviour,16
MK10,2025-05,bicycle-theft,6
MK10,2025-05,burglary,3
MK10,2025-05,criminal-damage-arson,18
MK10,2025-05,drugs,2
MK10,2025-05,other-crime,4
MK10,2025-05,other-theft,14
MK10,2025-05,public-order,15
MK10,2025-05,robbery,1
MK10,2025-05,shoplifting,16
MK10,2025-05,theft-from-the-person,3
MK10,2025-05,vehicle-crime,19
MK10,2025-05,violent-crime,54
MK10,2025-06,anti-social-behaviour,20
MK10,2025-06,bicycle-theft,2
MK10,2025-06,burglary,5
MK10,2025-06,criminal-damage-arson,20
MK10,2025-06,drugs,1
MK10,2025-06,other-crime,3
MK10,2025-06,other-theft,8
MK10,2025-06,possession-of-weapons,2
MK10,2025-06,public-order,15
MK10,2025-06,robbery,1
MK10,2025-06,shoplifting,17
MK10,2025-06,theft-from-the-person,2
MK10,2025-06,vehicle-crime,40
MK10,2025-06,violent-crime,67
MK10,2025-07,anti-social-behaviour,30
MK10,2025-07,bicycle-theft,2
MK10,2025-07,burglary,2
MK10,2025-07,criminal-damage-arson,12
MK10,2025-07,drugs,6
MK10,2025-07,other-crime,2
MK10,2025-07,other-theft,19
MK10,2025-07,public-order,16
MK10,2025-07,shoplifting,12
MK10,2025-07,theft-from-the-person,2
MK10,2025-07,vehicle-crime,20
MK10,2025-07,violent-crime,76
MK10,2025-08,anti-social-behaviour,27
MK10,2025-08,bicycle-theft,2
MK10,2025-08,burglary,6
MK10,2025-08,criminal-damage-arson,11
MK10,2025-08,drugs,2
MK10,2025-08,other-crime,2
MK10,2025-08,other-theft,13
MK10,2025-08,possession-of-weapons,1
MK10,2025-08,public-order,16
MK10,2025-08,robbery,3
MK10,2025-08,shoplifting,20
MK10,2025-08,theft-from-the-person,1
MK10,2025-08,vehicle-crime,13
MK10,2025-08,violent-crime,61
MK10,2025-09,anti-social-behaviour,13
MK10,2025-09,bicycle-theft,4
MK10,2025-09,burglary,6
MK10,2025-09,criminal-damage-arson,8
MK10,2025-09,drugs,5
MK10,2025-09,other-crime,3
MK10,2025-09,other-theft,7
MK10,2025-09,possession-of-weapons,1
MK10,2025-09,public-order,19
MK10,2025-09,shoplifting,17
MK10,2025-09,vehicle-crime,20
MK10,2025-09,violent-crime,63
MK10,2025-10,anti-social-behaviour,25
MK10,2025-10,bicycle-theft,3
MK10,2025-10,burglary,5
MK10,2025-10,criminal-damage-arson,16
MK10,2025-10,drugs,6
MK10,2025-10,other-crime,7
MK10,2025-10,other-theft,15
MK10,2025-10,possession-of-weapons,1
MK10,2025-10,public-order,10
MK10,2025-10,robbery,3
MK10,2025-10,shoplifting,23
MK10,2025-10,vehicle-crime,5
MK10,2025-10,violent-crime,42
MK10,2025-11,anti-social-behaviour,17
MK10,2025-11,bicycle-theft,5
MK10,2025-11,burglary,2
MK10,2025-11,criminal-damage-arson,13
MK10,2025-11,drugs,5
MK10,2025-11,other-crime,1
MK10,2025-11,other-theft,6
MK10,2025-11,possession-of-weapons,1
MK10,2025-11,public-order,10
MK10,2025-11,robbery,1
MK10,2025-11,shoplifting,19
MK10,2025-11,theft-from-the-person,2
MK10,2025-11,vehicle-crime,15
MK10,2025-11,violent-crime,56
MK10,2025-12,anti-social-behaviour,8
MK10,2025-12,bicycle-theft,1
MK10,2025-12,burglary,2
MK10,2025-12,criminal-damage-arson,10
MK10,2025-12,drugs,7
MK10,2025-12,other-crime,7
MK10,2025-12,other-theft,10
MK10,2025-12,public-order,7
MK10,2025-12,shoplifting,24
MK10,2025-12,theft-from-the-person,3
MK10,2025-12,vehicle-crime,15
MK10,2025-12,violent-crime,49
MK11,2025-01,anti-social-behaviour,16
MK11,2025-01,burglary,4
MK11,2025-01,criminal-damage-arson,6
MK11,2025-01,drugs,3
MK11,2025-01,other-crime,2
MK11,2025-01,other-theft,7
MK11,2025-01,possession-of-weapons,2
MK11,2025-01,public-order,4
MK11,2025-01,robbery,1
MK11,2025-01,shoplifting,2
MK11,2025-01,theft-from-the-person,1
MK11,2025-01,vehicle-crime,13
MK11,2025-01,violent-crime,37
MK11,2025-02,anti-social-behaviour,9
MK11,2025-02,burglary,10
MK11,2025-02,criminal-damage-arson,4
MK11,2025-02,drugs,3
MK11,2025-02,other-crime,3
MK11,2025-02,other-theft,5
MK11,2025-02,possession-of-weapons,1
MK11,2025-02,public-order,4
MK11,2025-02,shoplifting,1
MK11,2025-02,theft-from-the-person,1
MK11,2025-02,vehicle-crime,4
MK11,2025-02,violent-crime,55
MK11,2025-03,anti-social-behaviour,14
MK11,2025-03,burglary,3
MK11,2025-03,criminal-damage-arson,11
MK11,2025-03,drugs,3
MK11,2025-03,other-crime,8
MK11,2025-03,other-theft,6
MK11,2025-03,public-order,2
MK11,2025-03,robbery,1
MK11,2025-03,shoplifting,1
MK11,2025-03,vehicle-crime,12
MK11,2025-03,violent-crime,43
MK11,2025-04,anti-social-behaviour,18
MK11,2025-04,burglary,4
MK11,2025-04,criminal-damage-arson,12
MK11,2025-04,drugs,3
MK11,2025-04,other-crime,4
MK11,2025-04,other-theft,3
MK11,2025-04,public-order,10
MK11,2025-04,robbery,3
MK11,2025-04,vehicle-crime,7
MK11,2025-04,violent-crime,49
MK11,2025-05,anti-social-behaviour,19
MK11,2025-05,burglary,3
MK11,2025-05,criminal-damage-arson,9
MK11,2025-05,drugs,4
MK11,2025-05,other-crime,1
MK11,2025-05,other-theft,5
MK11,2025-05,possession-of-weapons,1
MK11,2025-05,public-order,9
MK11,2025-05,shoplifting,4
MK11,2025-05,vehicle-crime,5
MK11,2025-05,violent-crime,50
MK11,2025-06,anti-social-behaviour,21
MK11,2025-06,bicycle-theft,1
MK11,2025-06,burglary,2
MK11,2025-06,criminal-damage-arson,12
MK11,2025-06,drugs,7
MK11,2025-06,other-crime,6
MK11,2025-06,other-theft,5
MK11,2025-06,public-order,14
MK11,2025-06,shoplifting,1
MK11,2025-06,vehicle-crime,9
MK11,2025-06,violent-crime,46
MK11,2025-07,anti-social-behaviour,13
MK11,2025-07,burglary,1
MK11,2025-07,criminal-damage-arson,7
MK11,2025-07,drugs,3
MK11,2025-07,other-crime,1
MK11,2025-07,other-theft,8
MK11,2025-07,possession-of-weapons,2
MK11,2025-07,public-order,9
MK11,2025-07,vehicle-crime,8
MK11,2025-07,violent-crime,49
MK11,2025-08,anti-social-behaviour,23
MK11,2025-08,bicycle-theft,1
MK11,2025-08,burglary,6
MK11,2025-08,criminal-damage-arson,13
MK11,2025-08,drugs,2
MK11,2025-08,other-crime,1
MK11,2025-08,other-theft,5
MK11,2025-08,public-order,7
MK11,2025-08,robbery,1
MK11,2025-08,shoplifting,1
MK11,2025-08,theft-from-the-person,1
MK11,2025-08,vehicle-crime,2
MK11,2025-08,violent-crime,34
MK11,2025-09,anti-social-behaviour,17
MK11,2025-09,burglary,4
MK11,2025-09,criminal-damage-arson,11
MK11,2025-09,drugs,1
MK11,2025-09,other-crime,3
MK11,2025-09,other-theft,11
MK11,2025-09,possession-of-weapons,2
MK11,2025-09,public-order,8
MK11,2025-09,vehicle-crime,9
MK11,2025-09,violent-crime,40
MK11,2025-10,anti-social-behaviour,9
MK11,2025-10,bicycle-theft,1
MK11,2025-10,burglary,4
MK11,2025-10,criminal-damage-arson,3
MK11,2025-10,drugs,6
MK11,2025-10,other-crime,3
MK11,2025-10,other-theft,7
MK11,2025-10,public-order,6
MK11,2025-10,robbery,2
MK11,2025-10,shoplifting,1
MK11,2025-10,vehicle-crime,5
MK11,2025-10,violent-crime,42
MK11,2025-11,anti-social-behaviour,3
MK11,2025-11,bicycle-theft,2
MK11,2025-11,burglary,2
MK11,2025-11,criminal-damage-arson,8
MK11,2025-11,drugs,2
MK11,2025-11,other-crime,4
MK11,2025-11,other-theft,5
MK11,2025-11,public-order,1
MK11,2025-11,shoplifting,1
MK11,2025-11,theft-from-the-person,1
MK11,2025-11,vehicle-crime,11
MK11,2025-11,violent-crime,51
MK11,2025-12,anti-social-behaviour,10
MK11,2025-12,burglary,6
MK11,2025-12,criminal-damage-arson,7
MK11,2025-12,drugs,2
MK11,2025-12,other-crime,2
MK11,2025-12,other-theft,1
MK11,2025-12,public-order,7
MK11,2025-12,robbery,1
MK11,2025-12,shoplifting,2
MK11,2025-12,vehicle-crime,9
MK11,2025-12,violent-crime,41
MK12,2025-01,anti-social-behaviour,11
MK12,2025-01,burglary,2
MK12,2025-01,criminal-damage-arson,9
MK12,2025-01,drugs,3
MK12,2025-01,other-crime,2
MK12,2025-01,other-theft,8
MK12,2025-01,public-order,7
MK12,2025-01,robbery,1
MK12,2025-01,shoplifting,14
MK12,2025-01,theft-from-the-person,2
MK12,2025-01,vehicle-crime,4
MK12,2025-01,violent-crime,52
MK12,2025-02,anti-social-behaviour,4
MK12,2025-02,burglary,3
MK12,2025-02,criminal-damage-arson,6
MK12,2025-02,drugs,6
MK12,2025-02,other-crime,2
MK12,2025-02,other-theft,5
MK12,2025-02,possession-of-weapons,2
MK12,2025-02,public-order,12
MK12,2025-02,robbery,1
MK12,2025-02,shoplifting,15
MK12,2025-02,vehicle-crime,9
MK12,2025-02,violent-crime,50
MK12,2025-03,anti-social-behaviour,18
MK12,2025-03,burglary,3
MK12,2025-03,criminal-damage-arson,14
MK12,2025-03,drugs,3
MK12,2025-03,other-crime,1
MK12,2025-03,other-theft,6
MK12,2025-03,possession-of-weapons,1
MK12,2025-03,public-order,13
MK12,2025-03,shoplifting,7
MK12,2025-03,vehicle-crime,12
MK12,2025-03,violent-crime,58
MK12,2025-04,anti-social-behaviour,23
MK12,2025-04,bicycle-theft,3
MK12,2025-04,burglary,3
MK12,2025-04,criminal-damage-arson,11
MK12,2025-04,drugs,5
MK12,2025-04,other-crime,1
MK12,2025-04,other-theft,11
MK12,2025-04,possession-of-weapons,2
MK12,2025-04,public-order,9
MK12,2025-04,robbery,1
MK12,2025-04,shoplifting,3
MK12,2025-04,theft-from-the-person,1
MK12,2025-04,vehicle-crime,5
MK12,2025-04,violent-crime,50
MK12,2025-05,anti-social-behaviour,19
MK12,2025-05,bicycle-theft,1
MK12,2025-05,burglary,2
MK12,2025-05,criminal-damage-arson,7
MK12,2025-05,drugs,3
MK12,2025-05,other-theft,6
MK12,2025-05,possession-of-weapons,2
MK12,2025-05,public-order,11
MK12,2025-05,robbery,5
MK12,2025-05,shoplifting,12
MK12,2025-05,vehicle-crime,8
MK12,2025-05,violent-crime,58
MK12,2025-06,anti-social-behaviour,17
MK12,2025-06,burglary,7
MK12,2025-06,criminal-damage-arson,7
MK12,2025-06,drugs,4
MK12,2025-06,other-crime,1
MK12,2025-06,other-theft,7
MK12,2025-06,possession-of-weapons,6
MK12,2025-06,public-order,15
MK12,2025-06,shoplifting,14
MK12,2025-06,vehicle-crime,3
MK12,2025-06,violent-crime,49
MK12,2025-07,anti-social-behaviour,20
MK12,2025-07,bicycle-theft,1
MK12,2025-07,burglary,7
MK12,2025-07,criminal-damage-arson,8
MK12,2025-07,drugs,2
MK12,2025-07,other-crime,4
MK12,2025-07,other-theft,14
MK12,2025-07,possession-of-weapons,1
MK12,2025-07,public-order,13
MK12,2025-07,robbery,2
MK12,2025-07,shoplifting,4
MK12,2025-07,vehicle-crime,11
MK12,2025-07,violent-crime,44
MK12,2025-08,anti-social-behaviour,27
MK12,2025-08,bicycle-theft,3
MK12,2025-08,burglary,2
MK12,2025-08,criminal-damage-arson,9
MK12,2025-08,drugs,4
MK12,2025-08,other-crime,2
MK12,2025-08,other-theft,8
MK12,2025-08,possession-of-weapons,2
MK12,2025-08,public-order,11
MK12,2025-08,robbery,3
MK12,2025-08,shoplifting,6
MK12,2025-08,theft-from-the-person,1
MK12,2025-08,vehicle-crime,10
MK12,2025-08,violent-crime,57
MK12,2025-09,anti-social-behaviour,20
MK12,2025-09,bicycle-theft,1
MK12,2025-09,burglary,6
MK12,2025-09,criminal-damage-arson,14
MK12,2025-09,other-crime,2
MK12,2025-09,other-theft,11
MK12,2025-09,public-order,10
MK12,2025-09,shoplifting,4
MK12,2025-09,theft-from-the-person,1
MK12,2025-09,vehicle-crime,12
MK12,2025-09,violent-crime,51
MK12,2025-10,anti-social-behaviour,6
MK12,2025-10,bicycle-theft,1
MK12,2025-10,burglary,1
MK12,2025-10,criminal-damage-arson,13
MK12,2025-10,drugs,7
MK12,2025-10,other-crime,2
MK12,2025-10,other-theft,8
MK12,2025-10,public-order,12
MK12,2025-10,robbery,1
MK12,2025-10,shoplifting,4
MK12,2025-10,theft-from-the-person,1
MK12,2025-10,vehicle-crime,10
MK12,2025-10,violent-crime,48
MK12,2025-11,anti-social-behaviour,11
MK12,2025-11,bicycle-theft,1
MK12,2025-11,burglary,5
MK12,2025-11,criminal-damage-arson,11
MK12,2025-11,drugs,4
MK12,2025-11,other-crime,2
MK12,2025-11,other-theft,10
MK12,2025-11,public-order,13
MK12,2025-11,robbery,1
MK12,2025-11,shoplifting,11
MK12,2025-11,vehicle-crime,7
MK12,2025-11,violent-crime,47
MK12,2025-12,anti-social-behaviour,5
MK12,2025-12,burglary,7
MK12,2025-12,criminal-damage-arson,5
MK12,2025-12,drugs,5
MK12,2025-12,other-crime,2
MK12,2025-12,other-theft,9
MK12,2025-12,public-order,5
MK12,2025-12,robbery,3
MK12,2025-12,shoplifting,2
MK12,2025-12,theft-from-the-person,2
MK12,2025-12,vehicle-crime,5
MK12,2025-12,violent-crime,56
MK13,2025-01,anti-social-behaviour,10
MK13,2025-01,burglary,8
MK13,2025-01,criminal-damage-arson,9
MK13,2025-01,drugs,3
MK13,2025-01,other-crime,3
MK13,2025-01,other-theft,4
MK13,2025-01,public-order,9
MK13,2025-01,robbery,5
MK13,2025-01,shoplifting,9
MK13,2025-01,vehicle-crime,6
MK13,2025-01,violent-crime,59
MK13,2025-02,anti-social-behaviour,11
MK13,2025-02,burglary,8
MK13,2025-02,criminal-damage-arson,10
MK13,2025-02,drugs,1
MK13,2025-02,other-crime,1
MK13,2025-02,other-theft,9
MK13,2025-02,public-order,7
MK13,2025-02,robbery,1
MK13,2025-02,shoplifting,9
MK13,2025-02,vehicle-crime,5
MK13,2025-02,violent-crime,40
MK13,2025-03,anti-social-behaviour,6
MK13,2025-03,burglary,1
MK13,2025-03,criminal-damage-arson,6
MK13,2025-03,drugs,1
MK13,2025-03,other-crime,5
MK13,2025-03,other-theft,9
MK13,2025-03,possession-of-weapons,3
MK13,2025-03,public-order,11
MK13,2025-03,shoplifting,4
MK13,2025-03,vehicle-crime,10
MK13,2025-03,violent-crime,47
MK13,2025-04,anti-social-behaviour,13
MK13,2025-04,burglary,2
MK13,2025-04,criminal-damage-arson,12
MK13,2025-04,drugs,3
MK13,2025-04,other-crime,5
MK13,2025-04,other-theft,7
MK13,2025-04,public-order,4
MK13,2025-04,robbery,1
MK13,2025-04,shoplifting,10
MK13,2025-04,theft-from-the-person,1
MK13,2025-04,vehicle-crime,16
MK13,2025-04,violent-crime,56
MK13,2025-05,anti-social-behaviour,18
MK13,2025-05,criminal-damage-arson,12
MK13,2025-05,drugs,2
MK13,2025-05,other-crime,1
MK13,2025-05,other-theft,4
MK13,2025-05,possession-of-weapons,1
MK13,2025-05,public-order,9
MK13,2025-05,robbery,3
MK13,2025-05,shoplifting,7
MK13,2025-05,vehicle-crime,3
MK13,2025-05,violent-crime,53
MK13,2025-06,anti-social-behaviour,20
MK13,2025-06,bicycle-theft,1
MK13,2025-06,burglary,8
MK13,2025-06,criminal-damage-arson,12
MK13,2025-06,drugs,2
MK13,2025-06,other-crime,6
MK13,2025-06,other-theft,9
MK13,2025-06,public-order,12
MK13,2025-06,robbery,2
MK13,2025-06,shoplifting,3
MK13,2025-06,vehicle-crime,15
MK13,2025-06,violent-crime,62
MK13,2025-07,anti-social-behaviour,29
MK13,2025-07,bicycle-theft,1
MK13,2025-07,burglary,4
MK13,2025-07,criminal-damage-arson,5
MK13,2025-07,drugs,8
MK13,2025-07,other-crime,2
MK13,2025-07,other-theft,7
MK13,2025-07,possession-of-weapons,3
MK13,2025-07,public-order,11
MK13,2025-07,robbery,3
MK13,2025-07,shoplifting,8
MK13,2025-07,vehicle-crime,8
MK13,2025-07,violent-crime,64
MK13,2025-08,anti-social-behaviour,33
MK13,2025-08,bicycle-theft,2
MK13,2025-08,burglary,3
MK13,2025-08,criminal-damage-arson,19
MK13,2025-08,drugs,4
MK13,2025-08,other-crime,2
MK13,2025-08,other-theft,8
MK13,2025-08,possession-of-weapons,1
MK13,2025-08,public-order,11
MK13,2025-08,shoplifting,4
MK13,2025-08,theft-from-the-person,3
MK13,2025-08,vehicle-crime,9
MK13,2025-08,violent-crime,58
MK13,2025-09,anti-social-behaviour,16
MK13,2025-09,burglary,6
MK13,2025-09,criminal-damage-arson,9
MK13,2025-09,drugs,4
MK13,2025-09,other-crime,2
MK13,2025-09,other-theft,14
MK13,2025-09,possession-of-weapons,1
MK13,2025-09,public-order,6
MK13,2025-09,robbery,2
MK13,2025-09,shoplifting,2
MK13,2025-09,vehicle-crime,9
MK13,2025-09,violent-crime,71
MK13,2025-10,anti-social-behaviour,11
MK13,2025-10,bicycle-theft,2
MK13,2025-10,burglary,4
MK13,2025-10,criminal-damage-arson,9
MK13,2025-10,drugs,2
MK13,2025-10,other-crime,1
MK13,2025-10,other-theft,8
MK13,2025-10,possession-of-weapons,1
MK13,2025-10,public-order,5
MK13,2025-10,robbery,3
MK13,2025-10,shoplifting,1
MK13,2025-10,theft-from-the-person,1
MK13,2025-10,vehicle-crime,6
MK13,2025-10,violent-crime,70
MK13,2025-11,anti-social-behaviour,5
MK13,2025-11,bicycle-theft,2
MK13,2025-11,burglary,3
MK13,2025-11,criminal-damage-arson,6
MK13,2025-11,drugs,6
MK13,2025-11,other-crime,1
MK13,2025-11,other-theft,10
MK13,2025-11,public-order,11
MK13,2025-11,shoplifting,3
MK13,2025-11,theft-from-the-person,1
MK13,2025-11,vehicle-crime,4
MK13,2025-11,violent-crime,47
MK13,2025-12,anti-social-behaviour,5
MK13,2025-12,burglary,1
MK13,2025-12,criminal-damage-arson,4
MK13,2025-12,drugs,3
MK13,2025-12,other-crime,2
MK13,2025-12,other-theft,10
MK13,2025-12,public-order,6
MK13,2025-12,robbery,1
MK13,2025-12,shoplifting,1
MK13,2025-12,vehicle-crime,4
MK13,2025-12,violent-crime,54
MK14,2025-01,anti-social-behaviour,7
MK14,2025-01,burglary,4
MK14,2025-01,criminal-damage-arson,11
MK14,2025-01,drugs,5
MK14,2025-01,other-crime,5
MK14,2025-01,other-theft,8
MK14,2025-01,possession-of-weapons,2
MK14,2025-01,public-order,5
MK14,2025-01,robbery,1
MK14,2025-01,shoplifting,17
MK14,2025-01,vehicle-crime,4
MK14,2025-01,violent-crime,41
MK14,2025-02,anti-social-behaviour,11
MK14,2025-02,burglary,7
MK14,2025-02,criminal-damage-arson,6
MK14,2025-02,drugs,3
MK14,2025-02,other-crime,1
MK14,2025-02,other-theft,5
MK14,2025-02,public-order,4
MK14,2025-02,robbery,1
MK14,2025-02,shoplifting,14
MK14,2025-02,vehicle-crime,7
MK14,2025-02,violent-crime,29
MK14,2025-03,anti-social-behaviour,8
MK14,2025-03,criminal-damage-arson,6
MK14,2025-03,drugs,3
MK14,2025-03,other-crime,1
MK14,2025-03,other-theft,10
MK14,2025-03,possession-of-weapons,1
MK14,2025-03,public-order,8
MK14,2025-03,robbery,3
MK14,2025-03,shoplifting,26
MK14,2025-03,vehicle-crime,24
MK14,2025-03,violent-crime,39
MK14,2025-04,anti-social-behaviour,12
MK14,2025-04,bicycle-theft,2
MK14,2025-04,burglary,4
MK14,2025-04,criminal-damage-arson,11
MK14,2025-04,drugs,7
MK14,2025-04,other-crime,4
MK14,2025-04,other-theft,7
MK14,2025-04,public-order,7
MK14,2025-04,robbery,4
MK14,2025-04,shoplifting,27
MK14,2025-04,vehicle-crime,17
MK14,2025-04,violent-crime,44
MK14,2025-05,anti-social-behaviour,19
MK14,2025-05,burglary,4
MK14,2025-05,criminal-damage-arson,4
MK14,2025-05,other-crime,1
MK14,2025-05,other-theft,5
MK14,2025-05,public-order,14
MK14,2025-05,robbery,1
MK14,2025-05,shoplifting,15
MK14,2025-05,vehicle-crime,2
MK14,2025-05,violent-crime,32
MK14,2025-06,anti-social-behaviour,12
MK14,2025-06,burglary,6
MK14,2025-06,criminal-damage-arson,7
MK14,2025-06,drugs,2
MK14,2025-06,other-crime,3
MK14,2025-06,other-theft,6
MK14,2025-06,possession-of-weapons,1
MK14,2025-06,public-order,8
MK14,2025-06,shoplifting,13
MK14,2025-06,vehicle-crime,9
MK14,2025-06,violent-crime,39
MK14,2025-07,anti-social-behaviour,18
MK14,2025-07,bicycle-theft,1
MK14,2025-07,burglary,9
MK14,2025-07,criminal-damage-arson,11
MK14,2025-07,drugs,2
MK14,2025-07,other-theft,11
MK14,2025-07,public-order,8
MK14,2025-07,shoplifting,4
MK14,2025-07,vehicle-crime,13
MK14,2025-07,violent-crime,42
MK14,2025-08,anti-social-behaviour,19
MK14,2025-08,bicycle-theft,4
MK14,2025-08,burglary,6
MK14,2025-08,criminal-damage-arson,8
MK14,2025-08,drugs,2
MK14,2025-08,other-crime,1
MK14,2025-08,other-theft,11
MK14,2025-08,possession-of-weapons,2
MK14,2025-08,public-order,6
MK14,2025-08,robbery,3
MK14,2025-08,shoplifting,9
MK14,2025-08,theft-from-the-person,3
MK14,2025-08,vehicle-crime,7
MK14,2025-08,violent-crime,30
MK14,2025-09,anti-social-behaviour,15
MK14,2025-09,burglary,10
MK14,2025-09,criminal-damage-arson,5
MK14,2025-09,drugs,2
MK14,2025-09,other-crime,2
MK14,2025-09,other-theft,7
MK14,2025-09,public-order,9
MK14,2025-09,robbery,5
MK14,2025-09,shoplifting,10
MK14,2025-09,vehicle-crime,15
MK14,2025-09,violent-crime,50
MK14,2025-10,anti-social-behaviour,13
MK14,2025-10,bicycle-theft,1
MK14,2025-10,burglary,7
MK14,2025-10,criminal-damage-arson,8
MK14,2025-10,drugs,1
MK14,2025-10,other-crime,3
MK14,2025-10,other-theft,5
MK14,2025-10,possession-of-weapons,1
MK14,2025-10,public-order,11
MK14,2025-10,robbery,2
MK14,2025-10,shoplifting,12
MK14,2025-10,theft-from-the-person,1
MK14,2025-10,vehicle-crime,4
MK14,2025-10,violent-crime,34
MK14,2025-11,anti-social-behaviour,6
MK14,2025-11,burglary,3
MK14,2025-11,criminal-damage-arson,10
MK14,2025-11,drugs,2
MK14,2025-11,other-crime,1
MK14,2025-11,other-theft,3
MK14,2025-11,possession-of-weapons,1
MK14,2025-11,public-order,1
MK14,2025-11,shoplifting,4
MK14,2025-11,vehicle-crime,3
MK14,2025-11,violent-crime,15
MK14,2025-12,anti-social-behaviour,7
MK14,2025-12,burglary,1
MK14,2025-12,criminal-damage-arson,6
MK14,2025-12,drugs,2
MK14,2025-12,other-crime,2
MK14,2025-12,other-theft,4
MK14,2025-12,robbery,1
MK14,2025-12,shoplifting,8
MK14,2025-12,vehicle-crime,7
MK14,2025-12,violent-crime,28
MK15,2025-01,anti-social-behaviour,1
MK15,2025-01,bicycle-theft,1
MK15,2025-01,criminal-damage-arson,1
MK15,2025-01,drugs,1
MK15,2025-01,other-theft,2
MK15,2025-01,public-order,3
MK15,2025-01,robbery,1
MK15,2025-01,vehicle-crime,7
MK15,2025-01,violent-crime,6
MK15,2025-02,anti-social-behaviour,1
MK15,2025-02,criminal-damage-arson,1
MK15,2025-02,drugs,3
MK15,2025-02,other-theft,1
MK15,2025-02,public-order,2
MK15,2025-02,vehicle-crime,4
MK15,2025-02,violent-crime,7
MK15,2025-03,anti-social-behaviour,1
MK15,2025-03,burglary,1
MK15,2025-03,criminal-damage-arson,1
MK15,2025-03,drugs,2
MK15,2025-03,other-theft,3
MK15,2025-03,public-order,1
MK15,2025-03,shoplifting,1
MK15,2025-03,vehicle-crime,12
MK15,2025-03,violent-crime,7
MK15,2025-04,anti-social-behaviour,4
MK15,2025-04,drugs,1
MK15,2025-04,other-theft,2
MK15,2025-04,public-order,3
MK15,2025-04,vehicle-crime,4
MK15,2025-05,anti-social-behaviour,3
MK15,2025-05,bicycle-theft,1
MK15,2025-05,burglary,2
MK15,2025-05,criminal-damage-arson,2
MK15,2025-05,other-theft,2
MK15,2025-05,public-order,3
MK15,2025-05,vehicle-crime,4
MK15,2025-05,violent-crime,5
MK15,2025-06,anti-social-behaviour,4
MK15,2025-06,criminal-damage-arson,1
MK15,2025-06,other-theft,1
MK15,2025-06,public-order,3
MK15,2025-06,vehicle-crime,10
MK15,2025-06,violent-crime,9
MK15,2025-07,anti-social-behaviour,1
MK15,2025-07,bicycle-theft,1
MK15,2025-07,burglary,2
MK15,2025-07,criminal-damage-arson,1
MK15,2025-07,other-crime,1
MK15,2025-07,other-theft,5
MK15,2025-07,public-order,7
MK15,2025-07,vehicle-crime,8
MK15,2025-07,violent-crime,11
MK15,2025-08,anti-social-behaviour,2
MK15,2025-08,bicycle-theft,1
MK15,2025-08,burglary,2
MK15,2025-08,criminal-damage-arson,4
MK15,2025-08,other-crime,2
MK15,2025-08,public-order,4
MK15,2025-08,robbery,1
MK15,2025-08,theft-from-the-person,1
MK15,2025-08,vehicle-crime,2
MK15,2025-08,violent-crime,6
MK15,2025-09,anti-social-behaviour,1
MK15,2025-09,burglary,1
MK15,2025-09,criminal-damage-arson,1
MK15,2025-09,drugs,1
MK15,2025-09,other-theft,6
MK15,2025-09,public-order,6
MK15,2025-09,vehicle-crime,2
MK15,2025-09,violent-crime,2
MK15,2025-10,anti-social-behaviour,2
MK15,2025-10,criminal-damage-arson,2
MK15,2025-10,drugs,4
MK15,2025-10,other-theft,1
MK15,2025-10,public-order,2
MK15,2025-10,theft-from-the-person,1
MK15,2025-10,vehicle-crime,2
MK15,2025-10,violent-crime,5
MK15,2025-11,anti-social-behaviour,6
MK15,2025-11,burglary,4
MK15,2025-11,criminal-damage-arson,4
MK15,2025-11,drugs,2
MK15,2025-11,other-crime,3
MK15,2025-11,other-theft,5
MK15,2025-11,public-order,2
MK15,2025-11,robbery,1
MK15,2025-11,shoplifting,4
MK15,2025-11,theft-from-the-person,2
MK15,2025-11,vehicle-crime,8
MK15,2025-11,violent-crime,35
MK15,2025-12,anti-social-behaviour,1
MK15,2025-12,burglary,2
MK15,2025-12,criminal-damage-arson,3
MK15,2025-12,other-theft,1
MK15,2025-12,public-order,2
MK15,2025-12,vehicle-crime,5
MK15,2025-12,violent-crime,6
MK17,2025-01,burglary,2
MK17,2025-01,other-theft,1
MK17,2025-01,violent-crime,1
MK17,2025-02,burglary,1
MK17,2025-02,violent-crime,2
MK17,2025-03,anti-social-behaviour,1
MK17,2025-03,drugs,1
MK17,2025-04,violent-crime,1
MK17,2025-05,drugs,1
MK17,2025-06,anti-social-behaviour,1
MK17,2025-06,drugs,1
MK17,2025-06,violent-crime,2
MK17,2025-07,other-theft,1
MK17,2025-08,drugs,1
MK17,2025-09,anti-social-behaviour,1
MK17,2025-09,other-theft,2
MK17,2025-09,violent-crime,2
MK17,2025-10,burglary,1
MK17,2025-10,criminal-damage-arson,1
MK17,2025-10,drugs,1
MK17,2025-10,public-order,1
MK17,2025-10,vehicle-crime,1
MK17,2025-11,violent-crime,1
MK17,2025-12,burglary,1
MK17,2025-12,drugs,1
MK17,2025-12,other-theft,1
MK17,2025-12,violent-crime,3
MK19,2025-01,anti-social-behaviour,1
MK19,2025-01,other-theft,2
MK19,2025-01,violent-crime,3
MK19,2025-02,anti-social-behaviour,1
MK19,2025-02,vehicle-crime,1
MK19,2025-03,anti-social-behaviour,1
MK19,2025-03,violent-crime,2
MK19,2025-04,violent-crime,1
MK19,2025-05,anti-social-behaviour,1
MK19,2025-05,criminal-damage-arson,2
MK19,2025-06,anti-social-behaviour,1
MK19,2025-06,other-theft,1
MK19,2025-06,violent-crime,4
MK19,2025-07,anti-social-behaviour,1
MK19,2025-07,other-theft,1
MK19,2025-07,possession-of-weapons,2
MK19,2025-07,public-order,1
MK19,2025-07,vehicle-crime,1
MK19,2025-07,violent-crime,2
MK19,2025-08,anti-social-behaviour,3
MK19,2025-08,criminal-damage-arson,1
MK19,2025-08,violent-crime,2
MK19,2025-09,anti-social-behaviour,1
MK19,2025-09,burglary,1
MK19,2025-09,drugs,2
MK19,2025-09,public-order,4
MK19,2025-09,violent-crime,6
MK19,2025-10,burglary,1
MK19,2025-10,criminal-damage-arson,2
MK19,2025-10,violent-crime,2
MK19,2025-11,burglary,1
MK19,2025-11,criminal-damage-arson,2
MK19,2025-11,violent-crime,1
MK19,2025-12,criminal-damage-arson,5
MK19,2025-12,other-theft,1
MK19,2025-12,violent-crime,5
MK2,2025-01,anti-social-behaviour,5
MK2,2025-01,burglary,4
MK2,2025-01,criminal-damage-arson,3
MK2,2025-01,drugs,2
MK2,2025-01,other-crime,6
MK2,2025-01,other-theft,1
MK2,2025-01,public-order,4
MK2,2025-01,vehicle-crime,4
MK2,2025-01,violent-crime,37
MK2,2025-02,anti-social-behaviour,12
MK2,2025-02,burglary,4
MK2,2025-02,criminal-damage-arson,4
MK2,2025-02,drugs,1
MK2,2025-02,other-theft,4
MK2,2025-02,public-order,1
MK2,2025-02,vehicle-crime,4
MK2,2025-02,violent-crime,42
MK2,2025-03,anti-social-behaviour,5
MK2,2025-03,burglary,1
MK2,2025-03,criminal-damage-arson,7
MK2,2025-03,drugs,5
MK2,2025-03,other-crime,3
MK2,2025-03,other-theft,5
MK2,2025-03,possession-of-weapons,1
MK2,2025-03,public-order,5
MK2,2025-03,vehicle-crime,4
MK2,2025-03,violent-crime,39
MK2,2025-04,anti-social-behaviour,19
MK2,2025-04,burglary,6
MK2,2025-04,criminal-damage-arson,12
MK2,2025-04,drugs,1
MK2,2025-04,other-crime,5
MK2,2025-04,other-theft,5
MK2,2025-04,possession-of-weapons,1
MK2,2025-04,public-order,10
MK2,2025-04,robbery,1
MK2,2025-04,shoplifting,2
MK2,2025-04,vehicle-crime,3
MK2,2025-04,violent-crime,42
MK2,2025-05,anti-social-behaviour,17
MK2,2025-05,burglary,2
MK2,2025-05,criminal-damage-arson,13
MK2,2025-05,other-crime,1
MK2,2025-05,other-theft,3
MK2,2025-05,public-order,4
MK2,2025-05,robbery,1
MK2,2025-05,vehicle-crime,5
MK2,2025-05,violent-crime,34
MK2,2025-06,anti-social-behaviour,34
MK2,2025-06,burglary,1
MK2,2025-06,criminal-damage-arson,14
MK2,2025-06,drugs,4
MK2,2025-06,other-crime,1
MK2,2025-06,other-theft,7
MK2,2025-06,possession-of-weapons,1
MK2,2025-06,public-order,9
MK2,2025-06,robbery,1
MK2,2025-06,shoplifting,1
MK2,2025-06,vehicle-crime,1
MK2,2025-06,violent-crime,59
MK2,2025-07,anti-social-behaviour,18
MK2,2025-07,burglary,5
MK2,2025-07,criminal-damage-arson,6
MK2,2025-07,drugs,4
MK2,2025-07,other-crime,3
MK2,2025-07,other-theft,2
MK2,2025-07,public-order,12
MK2,2025-07,robbery,2
MK2,2025-07,shoplifting,3
MK2,2025-07,vehicle-crime,3
MK2,2025-07,violent-crime,53
MK2,2025-08,anti-social-behaviour,27
MK2,2025-08,burglary,3
MK2,2025-08,criminal-damage-arson,7
MK2,2025-08,drugs,1
MK2,2025-08,other-crime,1
MK2,2025-08,other-theft,5
MK2,2025-08,possession-of-weapons,2
MK2,2025-08,public-order,3
MK2,2025-08,robbery,3
MK2,2025-08,theft-from-the-person,1
MK2,2025-08,vehicle-crime,6
MK2,2025-08,violent-crime,35
MK2,2025-09,anti-social-behaviour,8
MK2,2025-09,burglary,3
MK2,2025-09,criminal-damage-arson,9
MK2,2025-09,drugs,4
MK2,2025-09,other-crime,3
MK2,2025-09,other-theft,2
MK2,2025-09,possession-of-weapons,1
MK2,2025-09,public-order,9
MK2,2025-09,robbery,1
MK2,2025-09,shoplifting,3
MK2,2025-09,vehicle-crime,6
MK2,2025-09,violent-crime,32
MK2,2025-10,anti-social-behaviour,10
MK2,2025-10,bicycle-theft,1
MK2,2025-10,burglary,2
MK2,2025-10,criminal-damage-arson,3
MK2,2025-10,drugs,5
MK2,2025-10,other-crime,1
MK2,2025-10,other-theft,6
MK2,2025-10,possession-of-weapons,2
MK2,2025-10,public-order,9
MK2,2025-10,robbery,2
MK2,2025-10,shoplifting,1
MK2,2025-10,vehicle-crime,8
MK2,2025-10,violent-crime,44
MK2,2025-11,anti-social-behaviour,7
MK2,2025-11,bicycle-theft,1
MK2,2025-11,burglary,3
MK2,2025-11,criminal-damage-arson,12
MK2,2025-11,drugs,2
MK2,2025-11,other-crime,1
MK2,2025-11,other-theft,8
MK2,2025-11,public-order,3
MK2,2025-11,shoplifting,2
MK2,2025-11,theft-from-the-person,1
MK2,2025-11,vehicle-crime,6
MK2,2025-11,violent-crime,45
MK2,2025-12,anti-social-behaviour,8
MK2,2025-12,burglary,5
MK2,2025-12,criminal-damage-arson,11
MK2,2025-12,drugs,1
MK2,2025-12,other-crime,2
MK2,2025-12,other-theft,5
MK2,2025-12,public-order,1
MK2,2025-12,robbery,1
MK2,2025-12,shoplifting,1
MK2,2025-12,vehicle-crime,2
MK2,2025-12,violent-crime,37
MK3,2025-01,anti-social-behaviour,8
MK3,2025-01,burglary,9
MK3,2025-01,criminal-damage-arson,6
MK3,2025-01,drugs,1
MK3,2025-01,other-crime,1
MK3,2025-01,other-theft,4
MK3,2025-01,possession-of-weapons,1
MK3,2025-01,public-order,4
MK3,2025-01,robbery,1
MK3,2025-01,shoplifting,16
MK3,2025-01,vehicle-crime,4
MK3,2025-01,violent-crime,66
MK3,2025-02,anti-social-behaviour,10
MK3,2025-02,burglary,4
MK3,2025-02,criminal-damage-arson,6
MK3,2025-02,drugs,1
MK3,2025-02,other-crime,2
MK3,2025-02,other-theft,1
MK3,2025-02,public-order,9
MK3,2025-02,shoplifting,4
MK3,2025-02,theft-from-the-person,2
MK3,2025-02,vehicle-crime,1
MK3,2025-02,violent-crime,35
MK3,2025-03,anti-social-behaviour,14
MK3,2025-03,burglary,5
MK3,2025-03,criminal-damage-arson,4
MK3,2025-03,drugs,2
MK3,2025-03,other-crime,1
MK3,2025-03,other-theft,7
MK3,2025-03,public-order,7
MK3,2025-03,shoplifting,8
MK3,2025-03,vehicle-crime,3
MK3,2025-03,violent-crime,61
MK3,2025-04,anti-social-behaviour,10
MK3,2025-04,burglary,4
MK3,2025-04,criminal-damage-arson,7
MK3,2025-04,drugs,5
MK3,2025-04,other-crime,1
MK3,2025-04,other-theft,4
MK3,2025-04,possession-of-weapons,2
MK3,2025-04,public-order,6
MK3,2025-04,robbery,2
MK3,2025-04,shoplifting,8
MK3,2025-04,theft-from-the-person,1
MK3,2025-04,vehicle-crime,3
MK3,2025-04,violent-crime,53
MK3,2025-05,anti-social-behaviour,8
MK3,2025-05,bicycle-theft,1
MK3,2025-05,burglary,1
MK3,2025-05,criminal-damage-arson,10
MK3,2025-05,drugs,5
MK3,2025-05,other-crime,1
MK3,2025-05,other-theft,6
MK3,2025-05,possession-of-weapons,1
MK3,2025-05,public-order,4
MK3,2025-05,shoplifting,7
MK3,2025-05,theft-from-the-person,1
MK3,2025-05,vehicle-crime,4
MK3,2025-05,violent-crime,46
MK3,2025-06,anti-social-behaviour,24
MK3,2025-06,burglary,2
MK3,2025-06,criminal-damage-arson,10
MK3,2025-06,other-crime,2
MK3,2025-06,other-theft,10
MK3,2025-06,public-order,6
MK3,2025-06,shoplifting,6
MK3,2025-06,vehicle-crime,4
MK3,2025-06,violent-crime,42
MK3,2025-07,anti-social-behaviour,11
MK3,2025-07,bicycle-theft,1
MK3,2025-07,burglary,1
MK3,2025-07,criminal-damage-arson,5
MK3,2025-07,drugs,2
MK3,2025-07,other-crime,2
MK3,2025-07,other-theft,6
MK3,2025-07,possession-of-weapons,3
MK3,2025-07,public-order,8
MK3,2025-07,shoplifting,10
MK3,2025-07,vehicle-crime,2
MK3,2025-07,violent-crime,61
MK3,2025-08,anti-social-behaviour,16
MK3,2025-08,burglary,5
MK3,2025-08,criminal-damage-arson,10
MK3,2025-08,other-theft,5
MK3,2025-08,possession-of-weapons,1
MK3,2025-08,public-order,8
MK3,2025-08,robbery,2
MK3,2025-08,shoplifting,4
MK3,2025-08,theft-from-the-person,2
MK3,2025-08,vehicle-crime,3
MK3,2025-08,violent-crime,61
MK3,2025-09,anti-social-behaviour,6
MK3,2025-09,burglary,5
MK3,2025-09,criminal-damage-arson,5
MK3,2025-09,drugs,7
MK3,2025-09,other-theft,7
MK3,2025-09,public-order,9
MK3,2025-09,shoplifting,16
MK3,2025-09,vehicle-crime,4
MK3,2025-09,violent-crime,43
MK3,2025-10,anti-social-behaviour,11
MK3,2025-10,burglary,8
MK3,2025-10,criminal-damage-arson,3
MK3,2025-10,drugs,2
MK3,2025-10,other-theft,5
MK3,2025-10,public-order,3
MK3,2025-10,robbery,1
MK3,2025-10,shoplifting,7
MK3,2025-10,violent-crime,50
MK3,2025-11,anti-social-behaviour,2
MK3,2025-11,bicycle-theft,1
MK3,2025-11,burglary,2
MK3,2025-11,criminal-damage-arson,11
MK3,2025-11,drugs,2
MK3,2025-11,other-crime,1
MK3,2025-11,other-theft,6
MK3,2025-11,possession-of-weapons,1
MK3,2025-11,public-order,8
MK3,2025-11,shoplifting,16
MK3,2025-11,vehicle-crime,1
MK3,2025-11,violent-crime,59
MK3,2025-12,anti-social-behaviour,6
MK3,2025-12,burglary,2
MK3,2025-12,criminal-damage-arson,11
MK3,2025-12,drugs,1
MK3,2025-12,other-theft,5
MK3,2025-12,possession-of-weapons,2
MK3,2025-12,public-order,3
MK3,2025-12,robbery,3
MK3,2025-12,shoplifting,10
MK3,2025-12,vehicle-crime,3
MK3,2025-12,violent-crime,47
MK4,2025-01,anti-social-behaviour,10
MK4,2025-01,burglary,7
MK4,2025-01,criminal-damage-arson,6
MK4,2025-01,drugs,4
MK4,2025-01,other-crime,1
MK4,2025-01,other-theft,5
MK4,2025-01,public-order,11
MK4,2025-01,robbery,1
MK4,2025-01,shoplifting,16
MK4,2025-01,vehicle-crime,6
MK4,2025-01,violent-crime,40
MK4,2025-02,anti-social-behaviour,6
MK4,2025-02,burglary,5
MK4,2025-02,criminal-damage-arson,8
MK4,2025-02,drugs,2
MK4,2025-02,other-crime,1
MK4,2025-02,other-theft,6
MK4,2025-02,possession-of-weapons,1
MK4,2025-02,public-order,7
MK4,2025-02,shoplifting,8
MK4,2025-02,theft-from-the-person,1
MK4,2025-02,vehicle-crime,2
MK4,2025-02,violent-crime,35
MK4,2025-03,anti-social-behaviour,10
MK4,2025-03,burglary,6
MK4,2025-03,criminal-damage-arson,10
MK4,2025-03,drugs,5
MK4,2025-03,other-crime,2
MK4,2025-03,other-theft,4
MK4,2025-03,possession-of-weapons,1
MK4,2025-03,public-order,12
MK4,2025-03,shoplifting,13
MK4,2025-03,theft-from-the-person,1
MK4,2025-03,vehicle-crime,8
MK4,2025-03,violent-crime,56
MK4,2025-04,anti-social-behaviour,19
MK4,2025-04,bicycle-theft,1
MK4,2025-04,burglary,3
MK4,2025-04,criminal-damage-arson,9
MK4,2025-04,drugs,2
MK4,2025-04,other-crime,1
MK4,2025-04,other-theft,8
MK4,2025-04,possession-of-weapons,2
MK4,2025-04,public-order,18
MK4,2025-04,robbery,3
MK4,2025-04,shoplifting,17
MK4,2025-04,vehicle-crime,4
MK4,2025-04,violent-crime,42
MK4,2025-05,anti-social-behaviour,22
MK4,2025-05,bicycle-theft,1
MK4,2025-05,burglary,1
MK4,2025-05,criminal-damage-arson,9
MK4,2025-05,drugs,5
MK4,2025-05,other-theft,11
MK4,2025-05,public-order,7
MK4,2025-05,robbery,1
MK4,2025-05,shoplifting,15
MK4,2025-05,theft-from-the-person,2
MK4,2025-05,vehicle-crime,10
MK4,2025-05,violent-crime,58
MK4,2025-06,anti-social-behaviour,28
MK4,2025-06,burglary,6
MK4,2025-06,criminal-damage-arson,9
MK4,2025-06,drugs,3
MK4,2025-06,other-crime,3
MK4,2025-06,other-theft,17
MK4,2025-06,possession-of-weapons,2
MK4,2025-06,public-order,6
MK4,2025-06,robbery,2
MK4,2025-06,shoplifting,15
MK4,2025-06,theft-from-the-person,1
MK4,2025-06,vehicle-crime,4
MK4,2025-06,violent-crime,55
MK4,2025-07,anti-social-behaviour,25
MK4,2025-07,bicycle-theft,3
MK4,2025-07,burglary,3
MK4,2025-07,criminal-damage-arson,6
MK4,2025-07,drugs,3
MK4,2025-07,other-crime,4
MK4,2025-07,other-theft,12
MK4,2025-07,possession-of-weapons,1
MK4,2025-07,public-order,12
MK4,2025-07,robbery,2
MK4,2025-07,shoplifting,16
MK4,2025-07,vehicle-crime,6
MK4,2025-07,violent-crime,54
MK4,2025-08,anti-social-behaviour,20
MK4,2025-08,bicycle-theft,1
MK4,2025-08,burglary,1
MK4,2025-08,criminal-damage-arson,4
MK4,2025-08,drugs,1
MK4,2025-08,other-crime,4
MK4,2025-08,other-theft,9
MK4,2025-08,public-order,6
MK4,2025-08,robbery,2
MK4,2025-08,shoplifting,11
MK4,2025-08,vehicle-crime,5
MK4,2025-08,violent-crime,48
MK4,2025-09,anti-social-behaviour,10
MK4,2025-09,bicycle-theft,3
MK4,2025-09,burglary,12
MK4,2025-09,criminal-damage-arson,5
MK4,2025-09,drugs,3
MK4,2025-09,other-crime,7
MK4,2025-09,other-theft,7
MK4,2025-09,public-order,6
MK4,2025-09,robbery,1
MK4,2025-09,shoplifting,9
MK4,2025-09,vehicle-crime,6
MK4,2025-09,violent-crime,36
MK4,2025-10,anti-social-behaviour,19
MK4,2025-10,burglary,5
MK4,2025-10,criminal-damage-arson,9
MK4,2025-10,drugs,1
MK4,2025-10,other-crime,4
MK4,2025-10,other-theft,4
MK4,2025-10,public-order,7
MK4,2025-10,robbery,3
MK4,2025-10,shoplifting,9
MK4,2025-10,theft-from-the-person,1
MK4,2025-10,vehicle-crime,7
MK4,2025-10,violent-crime,66
MK4,2025-11,anti-social-behaviour,8
MK4,2025-11,burglary,3
MK4,2025-11,criminal-damage-arson,13
MK4,2025-11,drugs,3
MK4,2025-11,other-crime,2
MK4,2025-11,other-theft,14
MK4,2025-11,public-order,7
MK4,2025-11,robbery,1
MK4,2025-11,shoplifting,8
MK4,2025-11,vehicle-crime,4
MK4,2025-11,violent-crime,45
MK4,2025-12,anti-social-behaviour,12
MK4,2025-12,burglary,3
MK4,2025-12,criminal-damage-arson,5
MK4,2025-12,drugs,3
MK4,2025-12,other-crime,1
MK4,2025-12,other-theft,7
MK4,2025-12,possession-of-weapons,2
MK4,2025-12,public-order,8
MK4,2025-12,robbery,1
MK4,2025-12,shoplifting,8
MK4,2025-12,vehicle-crime,5
MK4,2025-12,violent-crime,48
MK5,2025-01,anti-social-behaviour,1
MK5,2025-01,bicycle-theft,2
MK5,2025-01,burglary,4
MK5,2025-01,criminal-damage-arson,4
MK5,2025-01,drugs,5
MK5,2025-01,other-crime,4
MK5,2025-01,other-theft,8
MK5,2025-01,public-order,5
MK5,2025-01,shoplifting,4
MK5,2025-01,vehicle-crime,3
MK5,2025-01,violent-crime,40
MK5,2025-02,anti-social-behaviour,6
MK5,2025-02,burglary,3
MK5,2025-02,criminal-damage-arson,3
MK5,2025-02,drugs,2
MK5,2025-02,other-crime,2
MK5,2025-02,other-theft,3
MK5,2025-02,possession-of-weapons,1
MK5,2025-02,public-order,5
MK5,2025-02,shoplifting,5
MK5,2025-02,vehicle-crime,7
MK5,2025-02,violent-crime,44
MK5,2025-03,anti-social-behaviour,16
MK5,2025-03,bicycle-theft,1
MK5,2025-03,burglary,3
MK5,2025-03,criminal-damage-arson,8
MK5,2025-03,drugs,4
MK5,2025-03,other-crime,4
MK5,2025-03,other-theft,6
MK5,2025-03,public-order,6
MK5,2025-03,robbery,3
MK5,2025-03,shoplifting,4
MK5,2025-03,vehicle-crime,5
MK5,2025-03,violent-crime,60
MK5,2025-04,anti-social-behaviour,18
MK5,2025-04,bicycle-theft,3
MK5,2025-04,burglary,4
MK5,2025-04,criminal-damage-arson,12
MK5,2025-04,drugs,2
MK5,2025-04,other-theft,5
MK5,2025-04,public-order,6
MK5,2025-04,robbery,2
MK5,2025-04,shoplifting,1
MK5,2025-04,theft-from-the-person,1
MK5,2025-04,vehicle-crime,8
MK5,2025-04,violent-crime,33
MK5,2025-05,anti-social-behaviour,11
MK5,2025-05,bicycle-theft,4
MK5,2025-05,burglary,1
MK5,2025-05,criminal-damage-arson,11
MK5,2025-05,drugs,3
MK5,2025-05,other-theft,11
MK5,2025-05,public-order,7
MK5,2025-05,shoplifting,3
MK5,2025-05,vehicle-crime,8
MK5,2025-05,violent-crime,45
MK5,2025-06,anti-social-behaviour,13
MK5,2025-06,bicycle-theft,1
MK5,2025-06,burglary,2
MK5,2025-06,criminal-damage-arson,6
MK5,2025-06,drugs,3
MK5,2025-06,other-crime,1
MK5,2025-06,other-theft,5
MK5,2025-06,possession-of-weapons,1
MK5,2025-06,public-order,9
MK5,2025-06,robbery,2
MK5,2025-06,shoplifting,4
MK5,2025-06,vehicle-crime,8
MK5,2025-06,violent-crime,42
MK5,2025-07,anti-social-behaviour,21
MK5,2025-07,bicycle-theft,1
MK5,2025-07,burglary,4
MK5,2025-07,criminal-damage-arson,7
MK5,2025-07,drugs,3
MK5,2025-07,other-crime,3
MK5,2025-07,other-theft,8
MK5,2025-07,possession-of-weapons,1
MK5,2025-07,public-order,4
MK5,2025-07,shoplifting,11
MK5,2025-07,theft-from-the-person,1
MK5,2025-07,vehicle-crime,8
MK5,2025-07,violent-crime,67
MK5,2025-08,anti-social-behaviour,13
MK5,2025-08,bicycle-theft,1
MK5,2025-08,burglary,3
MK5,2025-08,criminal-damage-arson,5
MK5,2025-08,drugs,3
MK5,2025-08,other-crime,1
MK5,2025-08,other-theft,6
MK5,2025-08,public-order,9
MK5,2025-08,robbery,2
MK5,2025-08,shoplifting,1
MK5,2025-08,vehicle-crime,7
MK5,2025-08,violent-crime,49
MK5,2025-09,anti-social-behaviour,18
MK5,2025-09,bicycle-theft,1
MK5,2025-09,burglary,1
MK5,2025-09,criminal-damage-arson,5
MK5,2025-09,drugs,7
MK5,2025-09,other-theft,5
MK5,2025-09,public-order,5
MK5,2025-09,robbery,1
MK5,2025-09,shoplifting,1
MK5,2025-09,vehicle-crime,8
MK5,2025-09,violent-crime,65
MK5,2025-10,anti-social-behaviour,9
MK5,2025-10,bicycle-theft,2
MK5,2025-10,burglary,5
MK5,2025-10,criminal-damage-arson,5
MK5,2025-10,drugs,5
MK5,2025-10,other-crime,3
MK5,2025-10,other-theft,6
MK5,2025-10,possession-of-weapons,1
MK5,2025-10,public-order,7
MK5,2025-10,robbery,1
MK5,2025-10,shoplifting,2
MK5,2025-10,vehicle-crime,4
MK5,2025-10,violent-crime,37
MK5,2025-11,anti-social-behaviour,9
MK5,2025-11,bicycle-theft,2
MK5,2025-11,burglary,4
MK5,2025-11,criminal-damage-arson,4
MK5,2025-11,drugs,2
MK5,2025-11,other-crime,4
MK5,2025-11,other-theft,7
MK5,2025-11,possession-of-weapons,1
MK5,2025-11,public-order,5
MK5,2025-11,robbery,1
MK5,2025-11,shoplifting,5
MK5,2025-11,vehicle-crime,8
MK5,2025-11,violent-crime,28
MK5,2025-12,anti-social-behaviour,9
MK5,2025-12,bicycle-theft,2
MK5,2025-12,burglary,3
MK5,2025-12,criminal-damage-arson,6
MK5,2025-12,drugs,1
MK5,2025-12,other-theft,4
MK5,2025-12,public-order,6
MK5,2025-12,robbery,1
MK5,2025-12,shoplifting,3
MK5,2025-12,vehicle-crime,7
MK5,2025-12,violent-crime,32
MK6,2025-01,anti-social-behaviour,22
MK6,2025-01,bicycle-theft,6
MK6,2025-01,burglary,10
MK6,2025-01,criminal-damage-arson,21
MK6,2025-01,drugs,15
MK6,2025-01,other-crime,8
MK6,2025-01,other-theft,22
MK6,2025-01,possession-of-weapons,3
MK6,2025-01,public-order,31
MK6,2025-01,robbery,6
MK6,2025-01,shoplifting,30
MK6,2025-01,theft-from-the-person,2
MK6,2025-01,vehicle-crime,23
MK6,2025-01,violent-crime,152
MK6,2025-02,anti-social-behaviour,25
MK6,2025-02,bicycle-theft,1
MK6,2025-02,burglary,4
MK6,2025-02,criminal-damage-arson,26
MK6,2025-02,drugs,14
MK6,2025-02,other-crime,3
MK6,2025-02,other-theft,18
MK6,2025-02,possession-of-weapons,4
MK6,2025-02,public-order,27
MK6,2025-02,robbery,11
MK6,2025-02,shoplifting,17
MK6,2025-02,theft-from-the-person,1
MK6,2025-02,vehicle-crime,30
MK6,2025-02,violent-crime,161
MK6,2025-03,anti-social-behaviour,27
MK6,2025-03,burglary,6
MK6,2025-03,criminal-damage-arson,24
MK6,2025-03,drugs,8
MK6,2025-03,other-crime,4
MK6,2025-03,other-theft,26
MK6,2025-03,possession-of-weapons,3
MK6,2025-03,public-order,23
MK6,2025-03,robbery,7
MK6,2025-03,shoplifting,17
MK6,2025-03,theft-from-the-person,3
MK6,2025-03,vehicle-crime,17
MK6,2025-03,violent-crime,139
MK6,2025-04,anti-social-behaviour,44
MK6,2025-04,bicycle-theft,5
MK6,2025-04,burglary,6
MK6,2025-04,criminal-damage-arson,25
MK6,2025-04,drugs,8
MK6,2025-04,other-crime,6
MK6,2025-04,other-theft,25
MK6,2025-04,possession-of-weapons,3
MK6,2025-04,public-order,22
MK6,2025-04,robbery,7
MK6,2025-04,shoplifting,8
MK6,2025-04,theft-from-the-person,3
MK6,2025-04,vehicle-crime,23
MK6,2025-04,violent-crime,152
MK6,2025-05,anti-social-behaviour,28
MK6,2025-05,bicycle-theft,11
MK6,2025-05,burglary,6
MK6,2025-05,criminal-damage-arson,27
MK6,2025-05,drugs,21
MK6,2025-05,other-crime,1
MK6,2025-05,other-theft,29
MK6,2025-05,possession-of-weapons,2
MK6,2025-05,public-order,22
MK6,2025-05,robbery,6
MK6,2025-05,shoplifting,27
MK6,2025-05,theft-from-the-person,3
MK6,2025-05,vehicle-crime,25
MK6,2025-05,violent-crime,208
MK6,2025-06,anti-social-behaviour,31
MK6,2025-06,bicycle-theft,2
MK6,2025-06,burglary,12
MK6,2025-06,criminal-damage-arson,38
MK6,2025-06,drugs,13
MK6,2025-06,other-crime,7
MK6,2025-06,other-theft,32
MK6,2025-06,possession-of-weapons,4
MK6,2025-06,public-order,46
MK6,2025-06,robbery,5
MK6,2025-06,shoplifting,21
MK6,2025-06,theft-from-the-person,2
MK6,2025-06,vehicle-crime,22
MK6,2025-06,violent-crime,186
MK6,2025-07,anti-social-behaviour,53
MK6,2025-07,bicycle-theft,3
MK6,2025-07,burglary,9
MK6,2025-07,criminal-damage-arson,36
MK6,2025-07,drugs,12
MK6,2025-07,other-crime,1
MK6,2025-07,other-theft,30
MK6,2025-07,possession-of-weapons,1
MK6,2025-07,public-order,28
MK6,2025-07,robbery,4
MK6,2025-07,shoplifting,33
MK6,2025-07,theft-from-the-person,3
MK6,2025-07,vehicle-crime,16
MK6,2025-07,violent-crime,198
MK6,2025-08,anti-social-behaviour,41
MK6,2025-08,bicycle-theft,5
MK6,2025-08,burglary,18
MK6,2025-08,criminal-damage-arson,42
MK6,2025-08,drugs,6
MK6,2025-08,other-crime,4
MK6,2025-08,other-theft,24
MK6,2025-08,possession-of-weapons,2
MK6,2025-08,public-order,37
MK6,2025-08,robbery,5
MK6,2025-08,shoplifting,16
MK6,2025-08,theft-from-the-person,3
MK6,2025-08,vehicle-crime,24
MK6,2025-08,violent-crime,176
MK6,2025-09,anti-social-behaviour,39
MK6,2025-09,bicycle-theft,2
MK6,2025-09,burglary,6
MK6,2025-09,criminal-damage-arson,23
MK6,2025-09,drugs,18
MK6,2025-09,other-crime,4
MK6,2025-09,other-theft,27
MK6,2025-09,possession-of-weapons,4
MK6,2025-09,public-order,29
MK6,2025-09,robbery,7
MK6,2025-09,shoplifting,30
MK6,2025-09,theft-from-the-person,3
MK6,2025-09,vehicle-crime,17
MK6,2025-09,violent-crime,158
MK6,2025-10,anti-social-behaviour,21
MK6,2025-10,bicycle-theft,3
MK6,2025-10,burglary,10
MK6,2025-10,criminal-damage-arson,20
MK6,2025-10,drugs,11
MK6,2025-10,other-crime,4
MK6,2025-10,other-theft,29
MK6,2025-10,possession-of-weapons,4
MK6,2025-10,public-order,30
MK6,2025-10,robbery,4
MK6,2025-10,shoplifting,18
MK6,2025-10,theft-from-the-person,2
MK6,2025-10,vehicle-crime,14
MK6,2025-10,violent-crime,167
MK6,2025-11,anti-social-behaviour,25
MK6,2025-11,bicycle-theft,1
MK6,2025-11,burglary,9
MK6,2025-11,criminal-damage-arson,18
MK6,2025-11,drugs,13
MK6,2025-11,other-crime,4
MK6,2025-11,other-theft,15
MK6,2025-11,possession-of-weapons,4
MK6,2025-11,public-order,35
MK6,2025-11,robbery,3
MK6,2025-11,shoplifting,17
MK6,2025-11,theft-from-the-person,2
MK6,2025-11,vehicle-crime,21
MK6,2025-11,violent-crime,179
MK6,2025-12,anti-social-behaviour,21
MK6,2025-12,bicycle-theft,2
MK6,2025-12,burglary,5
MK6,2025-12,criminal-damage-arson,15
MK6,2025-12,drugs,19
MK6,2025-12,other-crime,8
MK6,2025-12,other-theft,36
MK6,2025-12,possession-of-weapons,1
MK6,2025-12,public-order,19
MK6,2025-12,robbery,3
MK6,2025-12,shoplifting,24
MK6,2025-12,theft-from-the-person,2
MK6,2025-12,vehicle-crime,21
MK6,2025-12,violent-crime,150
MK7,2025-01,anti-social-behaviour,8
MK7,2025-01,bicycle-theft,1
MK7,2025-01,burglary,2
MK7,2025-01,criminal-damage-arson,6
MK7,2025-01,drugs,3
MK7,2025-01,other-crime,3
MK7,2025-01,other-theft,5
MK7,2025-01,possession-of-weapons,1
MK7,2025-01,public-order,4
MK7,2025-01,shoplifting,1
MK7,2025-01,vehicle-crime,7
MK7,2025-01,violent-crime,38
MK7,2025-02,anti-social-behaviour,6
MK7,2025-02,bicycle-theft,1
MK7,2025-02,burglary,1
MK7,2025-02,criminal-damage-arson,5
MK7,2025-02,drugs,1
MK7,2025-02,other-crime,1
MK7,2025-02,other-theft,7
MK7,2025-02,public-order,6
MK7,2025-02,shoplifting,2
MK7,2025-02,vehicle-crime,18
MK7,2025-02,violent-crime,39
MK7,2025-03,anti-social-behaviour,15
MK7,2025-03,bicycle-theft,1
MK7,2025-03,burglary,2
MK7,2025-03,criminal-damage-arson,7
MK7,2025-03,other-crime,2
MK7,2025-03,other-theft,6
MK7,2025-03,public-order,3
MK7,2025-03,robbery,1
MK7,2025-03,vehicle-crime,4
MK7,2025-03,violent-crime,36
MK7,2025-04,anti-social-behaviour,7
MK7,2025-04,burglary,2
MK7,2025-04,criminal-damage-arson,7
MK7,2025-04,drugs,5
MK7,2025-04,other-theft,4
MK7,2025-04,possession-of-weapons,1
MK7,2025-04,public-order,6
MK7,2025-04,theft-from-the-person,1
MK7,2025-04,vehicle-crime,7
MK7,2025-04,violent-crime,44
MK7,2025-05,anti-social-behaviour,9
MK7,2025-05,bicycle-theft,1
MK7,2025-05,burglary,2
MK7,2025-05,criminal-damage-arson,10
MK7,2025-05,drugs,2
MK7,2025-05,other-crime,1
MK7,2025-05,other-theft,7
MK7,2025-05,possession-of-weapons,2
MK7,2025-05,public-order,7
MK7,2025-05,robbery,1
MK7,2025-05,shoplifting,3
MK7,2025-05,vehicle-crime,6
MK7,2025-05,violent-crime,38
MK7,2025-06,anti-social-behaviour,22
MK7,2025-06,burglary,2
MK7,2025-06,criminal-damage-arson,9
MK7,2025-06,drugs,2
MK7,2025-06,other-crime,2
MK7,2025-06,other-theft,3
MK7,2025-06,public-order,5
MK7,2025-06,robbery,1
MK7,2025-06,shoplifting,3
MK7,2025-06,vehicle-crime,6
MK7,2025-06,violent-crime,42
MK7,2025-07,anti-social-behaviour,18
MK7,2025-07,bicycle-theft,4
MK7,2025-07,burglary,5
MK7,2025-07,criminal-damage-arson,13
MK7,2025-07,drugs,3
MK7,2025-07,other-crime,3
MK7,2025-07,other-theft,6
MK7,2025-07,possession-of-weapons,1
MK7,2025-07,public-order,8
MK7,2025-07,robbery,1
MK7,2025-07,shoplifting,2
MK7,2025-07,vehicle-crime,13
MK7,2025-07,violent-crime,49
MK7,2025-08,anti-social-behaviour,16
MK7,2025-08,bicycle-theft,1
MK7,2025-08,burglary,2
MK7,2025-08,criminal-damage-arson,9
MK7,2025-08,drugs,2
MK7,2025-08,other-crime,4
MK7,2025-08,other-theft,5
MK7,2025-08,possession-of-weapons,1
MK7,2025-08,public-order,8
MK7,2025-08,robbery,2
MK7,2025-08,shoplifting,2
MK7,2025-08,vehicle-crime,7
MK7,2025-08,violent-crime,43
MK7,2025-09,anti-social-behaviour,17
MK7,2025-09,burglary,3
MK7,2025-09,criminal-damage-arson,5
MK7,2025-09,drugs,1
MK7,2025-09,other-crime,2
MK7,2025-09,other-theft,5
MK7,2025-09,possession-of-weapons,1
MK7,2025-09,public-order,7
MK7,2025-09,vehicle-crime,5
MK7,2025-09,violent-crime,35
MK7,2025-10,anti-social-behaviour,16
MK7,2025-10,burglary,2
MK7,2025-10,criminal-damage-arson,5
MK7,2025-10,drugs,2
MK7,2025-10,other-crime,1
MK7,2025-10,other-theft,10
MK7,2025-10,public-order,10
MK7,2025-10,robbery,1
MK7,2025-10,shoplifting,3
MK7,2025-10,vehicle-crime,6
MK7,2025-10,violent-crime,30
MK7,2025-11,anti-social-behaviour,17
MK7,2025-11,burglary,5
MK7,2025-11,criminal-damage-arson,2
MK7,2025-11,drugs,1
MK7,2025-11,other-crime,1
MK7,2025-11,other-theft,5
MK7,2025-11,public-order,5
MK7,2025-11,robbery,1
MK7,2025-11,vehicle-crime,8
MK7,2025-11,violent-crime,40
MK7,2025-12,anti-social-behaviour,12
MK7,2025-12,bicycle-theft,1
MK7,2025-12,burglary,1
MK7,2025-12,criminal-damage-arson,7
MK7,2025-12,other-crime,4
MK7,2025-12,other-theft,8
MK7,2025-12,possession-of-weapons,1
MK7,2025-12,public-order,10
MK7,2025-12,vehicle-crime,11
MK7,2025-12,violent-crime,44
MK8,2025-01,anti-social-behaviour,10
MK8,2025-01,burglary,3
MK8,2025-01,criminal-damage-arson,9
MK8,2025-01,drugs,2
MK8,2025-01,other-crime,3
MK8,2025-01,other-theft,2
MK8,2025-01,public-order,4
MK8,2025-01,vehicle-crime,4
MK8,2025-01,violent-crime,26
MK8,2025-02,anti-social-behaviour,6
MK8,2025-02,bicycle-theft,3
MK8,2025-02,burglary,5
MK8,2025-02,criminal-damage-arson,4
MK8,2025-02,drugs,3
MK8,2025-02,other-crime,1
MK8,2025-02,public-order,2
MK8,2025-02,robbery,1
MK8,2025-02,vehicle-crime,4
MK8,2025-02,violent-crime,19
MK8,2025-03,anti-social-behaviour,7
MK8,2025-03,bicycle-theft,2
MK8,2025-03,burglary,3
MK8,2025-03,criminal-damage-arson,2
MK8,2025-03,drugs,5
MK8,2025-03,other-theft,2
MK8,2025-03,possession-of-weapons,1
MK8,2025-03,public-order,1
MK8,2025-03,robbery,2
MK8,2025-03,vehicle-crime,2
MK8,2025-03,violent-crime,21
MK8,2025-04,anti-social-behaviour,7
MK8,2025-04,burglary,1
MK8,2025-04,criminal-damage-arson,6
MK8,2025-04,other-crime,3
MK8,2025-04,other-theft,5
MK8,2025-04,public-order,8
MK8,2025-04,vehicle-crime,6
MK8,2025-04,violent-crime,27
MK8,2025-05,anti-social-behaviour,14
MK8,2025-05,bicycle-theft,2
MK8,2025-05,burglary,2
MK8,2025-05,criminal-damage-arson,5
MK8,2025-05,other-crime,1
MK8,2025-05,other-theft,7
MK8,2025-05,public-order,3
MK8,2025-05,robbery,1
MK8,2025-05,vehicle-crime,2
MK8,2025-05,violent-crime,26
MK8,2025-06,anti-social-behaviour,12
MK8,2025-06,bicycle-theft,1
MK8,2025-06,burglary,4
MK8,2025-06,criminal-damage-arson,7
MK8,2025-06,drugs,2
MK8,2025-06,other-crime,2
MK8,2025-06,other-theft,8
MK8,2025-06,possession-of-weapons,1
MK8,2025-06,public-order,2
MK8,2025-06,shoplifting,1
MK8,2025-06,vehicle-crime,1
MK8,2025-06,violent-crime,31
MK8,2025-07,anti-social-behaviour,24
MK8,2025-07,bicycle-theft,1
MK8,2025-07,burglary,4
MK8,2025-07,criminal-damage-arson,5
MK8,2025-07,drugs,1
MK8,2025-07,other-crime,1
MK8,2025-07,other-theft,5
MK8,2025-07,public-order,6
MK8,2025-07,shoplifting,1
MK8,2025-07,theft-from-the-person,1
MK8,2025-07,violent-crime,22
MK8,2025-08,anti-social-behaviour,17
MK8,2025-08,bicycle-theft,1
MK8,2025-08,burglary,4
MK8,2025-08,criminal-damage-arson,5
MK8,2025-08,drugs,1
MK8,2025-08,other-crime,1
MK8,2025-08,other-theft,8
MK8,2025-08,public-order,6
MK8,2025-08,robbery,1
MK8,2025-08,vehicle-crime,4
MK8,2025-08,violent-crime,32
MK8,2025-09,anti-social-behaviour,15
MK8,2025-09,burglary,4
MK8,2025-09,criminal-damage-arson,10
MK8,2025-09,drugs,1
MK8,2025-09,other-crime,4
MK8,2025-09,other-theft,8
MK8,2025-09,public-order,3
MK8,2025-09,robbery,3
MK8,2025-09,vehicle-crime,5
MK8,2025-09,violent-crime,23
MK8,2025-10,anti-social-behaviour,13
MK8,2025-10,burglary,6
MK8,2025-10,criminal-damage-arson,4
MK8,2025-10,drugs,2
MK8,2025-10,other-crime,4
MK8,2025-10,other-theft,4
MK8,2025-10,public-order,6
MK8,2025-10,robbery,1
MK8,2025-10,shoplifting,1
MK8,2025-10,vehicle-crime,6
MK8,2025-10,violent-crime,36
MK8,2025-11,anti-social-behaviour,5
MK8,2025-11,criminal-damage-arson,5
MK8,2025-11,other-theft,7
MK8,2025-11,possession-of-weapons,1
MK8,2025-11,shoplifting,1
MK8,2025-11,vehicle-crime,3
MK8,2025-11,violent-crime,32
MK8,2025-12,anti-social-behaviour,4
MK8,2025-12,burglary,1
MK8,2025-12,criminal-damage-arson,6
MK8,2025-12,drugs,3
MK8,2025-12,other-theft,7
MK8,2025-12,public-order,3
MK8,2025-12,shoplifting,4
MK8,2025-12,theft-from-the-person,1
MK8,2025-12,vehicle-crime,4
MK8,2025-12,violent-crime,31
MK9,2025-01,anti-social-behaviour,33
MK9,2025-01,bicycle-theft,7
MK9,2025-01,burglary,7
MK9,2025-01,criminal-damage-arson,25
MK9,2025-01,drugs,7
MK9,2025-01,other-crime,5
MK9,2025-01,other-theft,17
MK9,2025-01,possession-of-weapons,4
MK9,2025-01,public-order,36
MK9,2025-01,robbery,2
MK9,2025-01,shoplifting,128
MK9,2025-01,theft-from-the-person,8
MK9,2025-01,vehicle-crime,12
MK9,2025-01,violent-crime,115
MK9,2025-02,anti-social-behaviour,30
MK9,2025-02,bicycle-theft,2
MK9,2025-02,burglary,3
MK9,2025-02,criminal-damage-arson,17
MK9,2025-02,drugs,17
MK9,2025-02,other-crime,4
MK9,2025-02,other-theft,5
MK9,2025-02,possession-of-weapons,1
MK9,2025-02,public-order,26
MK9,2025-02,robbery,8
MK9,2025-02,shoplifting,128
MK9,2025-02,theft-from-the-person,6
MK9,2025-02,vehicle-crime,6
MK9,2025-02,violent-crime,72
MK9,2025-03,anti-social-behaviour,22
MK9,2025-03,bicycle-theft,5
MK9,2025-03,burglary,12
MK9,2025-03,criminal-damage-arson,15
MK9,2025-03,drugs,26
MK9,2025-03,other-crime,6
MK9,2025-03,other-theft,20
MK9,2025-03,possession-of-weapons,4
MK9,2025-03,public-order,35
MK9,2025-03,robbery,5
MK9,2025-03,shoplifting,129
MK9,2025-03,theft-from-the-person,5
MK9,2025-03,vehicle-crime,19
MK9,2025-03,violent-crime,120
MK9,2025-04,anti-social-behaviour,27
MK9,2025-04,bicycle-theft,2
MK9,2025-04,burglary,14
MK9,2025-04,criminal-damage-arson,19
MK9,2025-04,drugs,21
MK9,2025-04,other-crime,1
MK9,2025-04,other-theft,30
MK9,2025-04,possession-of-weapons,1
MK9,2025-04,public-order,34
MK9,2025-04,robbery,5
MK9,2025-04,shoplifting,112
MK9,2025-04,theft-from-the-person,2
MK9,2025-04,vehicle-crime,26
MK9,2025-04,violent-crime,131
MK9,2025-05,anti-social-behaviour,26
MK9,2025-05,bicycle-theft,9
MK9,2025-05,burglary,5
MK9,2025-05,criminal-damage-arson,32
MK9,2025-05,drugs,15
MK9,2025-05,other-crime,1
MK9,2025-05,other-theft,42
MK9,2025-05,possession-of-weapons,4
MK9,2025-05,public-order,30
MK9,2025-05,robbery,13
MK9,2025-05,shoplifting,130
MK9,2025-05,theft-from-the-person,3
MK9,2025-05,vehicle-crime,16
MK9,2025-05,violent-crime,107
MK9,2025-06,anti-social-behaviour,29
MK9,2025-06,bicycle-theft,7
MK9,2025-06,burglary,3
MK9,2025-06,criminal-damage-arson,20
MK9,2025-06,drugs,10
MK9,2025-06,other-crime,7
MK9,2025-06,other-theft,30
MK9,2025-06,possession-of-weapons,5
MK9,2025-06,public-order,32
MK9,2025-06,robbery,10
MK9,2025-06,shoplifting,110
MK9,2025-06,theft-from-the-person,4
MK9,2025-06,vehicle-crime,16
MK9,2025-06,violent-crime,101
MK9,2025-07,anti-social-behaviour,27
MK9,2025-07,bicycle-theft,9
MK9,2025-07,burglary,3
MK9,2025-07,criminal-damage-arson,17
MK9,2025-07,drugs,12
MK9,2025-07,other-crime,5
MK9,2025-07,other-theft,25
MK9,2025-07,possession-of-weapons,2
MK9,2025-07,public-order,44
MK9,2025-07,robbery,11
MK9,2025-07,shoplifting,140
MK9,2025-07,theft-from-the-person,9
MK9,2025-07,vehicle-crime,23
MK9,2025-07,violent-crime,138
MK9,2025-08,anti-social-behaviour,26
MK9,2025-08,bicycle-theft,8
MK9,2025-08,burglary,6
MK9,2025-08,criminal-damage-arson,24
MK9,2025-08,drugs,17
MK9,2025-08,other-crime,2
MK9,2025-08,other-theft,33
MK9,2025-08,possession-of-weapons,3
MK9,2025-08,public-order,36
MK9,2025-08,robbery,7
MK9,2025-08,shoplifting,103
MK9,2025-08,theft-from-the-person,9
MK9,2025-08,vehicle-crime,19
MK9,2025-08,violent-crime,120
MK9,2025-09,anti-social-behaviour,26
MK9,2025-09,bicycle-theft,6
MK9,2025-09,burglary,8
MK9,2025-09,criminal-damage-arson,18
MK9,2025-09,drugs,6
MK9,2025-09,other-crime,4
MK9,2025-09,other-theft,32
MK9,2025-09,possession-of-weapons,1
MK9,2025-09,public-order,18
MK9,2025-09,robbery,7
MK9,2025-09,shoplifting,88
MK9,2025-09,theft-from-the-person,11
MK9,2025-09,vehicle-crime,13
MK9,2025-09,violent-crime,84
MK9,2025-10,anti-social-behaviour,24
MK9,2025-10,bicycle-theft,3
MK9,2025-10,burglary,3
MK9,2025-10,criminal-damage-arson,18
MK9,2025-10,drugs,13
MK9,2025-10,other-crime,2
MK9,2025-10,other-theft,31
MK9,2025-10,possession-of-weapons,1
MK9,2025-10,public-order,27
MK9,2025-10,robbery,5
MK9,2025-10,shoplifting,117
MK9,2025-10,theft-from-the-person,6
MK9,2025-10,vehicle-crime,28
MK9,2025-10,violent-crime,122
MK9,2025-11,anti-social-behaviour,13
MK9,2025-11,bicycle-theft,3
MK9,2025-11,burglary,3
MK9,2025-11,criminal-damage-arson,11
MK9,2025-11,drugs,23
MK9,2025-11,other-crime,6
MK9,2025-11,other-theft,24
MK9,2025-11,possession-of-weapons,1
MK9,2025-11,public-order,19
MK9,2025-11,robbery,4
MK9,2025-11,shoplifting,126
MK9,2025-11,theft-from-the-person,15
MK9,2025-11,vehicle-crime,16
MK9,2025-11,violent-crime,103
MK9,2025-12,anti-social-behaviour,10
MK9,2025-12,bicycle-theft,9
MK9,2025-12,burglary,6
MK9,2025-12,criminal-damage-arson,25
MK9,2025-12,drugs,25
MK9,2025-12,other-crime,3
MK9,2025-12,other-theft,28
MK9,2025-12,possession-of-weapons,1
MK9,2025-12,public-order,14
MK9,2025-12,robbery,1
MK9,2025-12,shoplifting,102
MK9,2025-12,theft-from-the-person,4
MK9,2025-12,vehicle-crime,18
MK9,2025-12,violent-crime,105
